file	fac1	fac2	fac3	fac4
t000000	2	0	0	0
t000001	0	0	1	0
t000002	0	0	2	0
t000003	0	-1	1	0
t000004	0	-1	1	0
t000005	0	-1	0	0
t000006	0	-1	1	0
t000007	-1	0	0	1
t000008	4	1	0	0
t000009	0	0	0	1
t000010	1	-1	1	1
t000011	3	0	2	1
t000013	0	0	1	0
t000015	1	0	1	1
t000016	1	0	0	1
t000017	2	0	2	1
t000018	1	0	1	0
t000019	0	0	0	1
t000020	-1	0	2	0
t000021	0	0	-1	1
t000022	0	0	0	1
t000023	2	0	1	0
t000024	3	1	2	2
t000025	0	0	3	0
t000026	0	0	0	1
t000027	0	0	1	0
t000029	-3	0	0	4
t000030	0	0	1	0
t000031	-5	0	1	4
t000032	-3	0	1	4
t000033	5	0	0	0
t000034	0	0	0	0
t000035	-1	0	1	1
t000036	0	0	0	0
t000037	2	0	1	1
t000038	2	0	1	0
t000039	4	0	1	0
t000040	0	0	1	0
t000041	-1	0	0	1
t000043	6	0	0	0
t000044	0	0	0	1
t000045	0	0	0	0
t000046	5	0	0	2
t000047	6	0	1	0
t000048	0	-1	0	0
t000049	2	0	0	1
t000050	0	0	0	0
t000051	0	0	0	0
t000052	0	0	1	0
t000053	0	0	0	0
t000054	0	0	1	1
t000055	0	0	0	1
t000057	0	0	1	0
t000058	0	0	1	1
t000060	1	0	1	0
t000061	0	0	0	0
t000063	0	0	3	0
t000064	0	0	0	1
t000065	-1	0	0	1
t000068	1	0	-2	0
t000069	0	0	0	0
t000072	0	0	0	0
t000073	0	0	0	0
t000074	0	0	0	1
t000075	2	0	1	1
t000076	1	0	-1	1
t000078	0	0	0	0
t000079	-1	0	0	1
t000080	1	0	0	1
t000081	0	0	2	1
t000082	5	0	1	0
t000083	6	1	0	2
t000084	-2	0	-2	0
t000085	0	0	0	0
t000086	0	0	1	0
t000087	-1	0	0	0
t000088	0	0	1	0
t000089	1	0	0	0
t000090	2	1	0	0
t000091	0	0	0	1
t000092	0	0	0	0
t000093	0	0	0	0
t000094	0	0	0	1
t000095	1	0	0	2
t000096	0	0	0	1
t000097	0	0	0	4
t000098	6	0	0	0
t000100	6	0	1	0
t000101	2	0	1	1
t000102	2	0	0	0
t000105	0	0	-1	0
t000106	4	0	-1	3
t000107	6	0	0	0
t000108	0	0	2	1
t000109	1	0	0	0
t000110	1	0	1	3
t000111	1	0	0	0
t000112	-2	0	3	0
t000113	-1	0	3	0
t000114	-1	0	3	1
t000115	-1	0	3	0
t000116	-1	0	3	0
t000117	0	-1	1	0
t000118	0	0	0	0
t000119	0	0	1	0
t000120	-2	0	3	0
t000121	1	0	1	1
t000122	0	0	1	1
t000124	2	0	0	0
t000125	2	0	1	1
t000128	0	0	0	0
t000129	2	0	0	1
t000130	0	0	1	0
t000131	3	0	-1	1
t000132	3	0	-1	1
t000133	5	0	0	0
t000134	0	0	1	0
t000135	0	0	1	0
t000136	0	0	0	1
t000137	0	0	1	0
t000138	0	0	0	1
t000139	0	0	1	0
t000140	2	0	1	1
t000141	0	0	1	2
t000142	-1	0	0	0
t000144	1	1	0	1
t000145	-1	0	0	0
t000146	0	0	0	0
t000147	-1	0	1	0
t000148	-2	0	0	0
t000149	-2	0	0	0
t000150	3	0	1	1
t000151	1	0	3	0
t000152	3	0	0	0
t000153	-1	1	1	2
t000154	1	0	1	1
t000156	1	0	0	0
t000157	0	0	0	2
t000158	0	0	0	0
t000159	0	0	1	0
t000160	0	0	0	2
t000161	0	0	0	2
t000162	0	0	0	1
t000163	2	0	1	2
t000164	1	0	0	0
t000165	0	0	1	1
t000167	-2	0	0	1
t000168	1	0	1	1
t000169	-2	0	0	1
t000171	1	0	1	1
t000172	1	0	1	0
t000173	2	0	0	1
t000174	3	0	2	0
t000175	1	0	1	0
t000177	6	0	0	1
t000178	0	0	0	1
t000179	0	0	0	1
t000180	-1	0	0	0
t000181	3	0	1	1
t000182	0	0	0	0
t000183	2	0	3	2
t000184	0	0	0	1
t000185	0	0	0	1
t000186	3	0	0	0
t000187	0	0	0	2
t000189	1	0	0	0
t000190	0	0	0	1
t000192	0	0	0	0
t000193	-1	0	0	0
t000194	1	0	0	0
t000195	-1	0	0	0
t000196	2	0	1	0
t000197	0	0	2	0
t000198	2	0	1	0
t000199	0	0	0	0
t000200	-1	0	0	0
t000201	0	0	3	1
t000202	1	0	0	0
t000203	1	0	2	0
t000204	0	0	0	0
t000205	4	0	1	1
t000206	1	0	0	0
t000207	6	1	4	0
t000209	2	0	1	1
t000210	2	0	4	3
t000211	7	1	2	0
t000212	4	-1	2	0
t000213	0	0	1	0
t000215	1	0	1	0
t000216	8	1	2	0
t000217	0	0	0	0
t000218	2	0	1	0
t000219	4	0	3	1
t000220	2	0	3	1
t000221	0	0	0	1
t000222	0	0	0	0
t000223	2	0	0	1
t000225	2	0	1	0
t000226	1	0	0	0
t000227	0	0	3	0
t000228	0	0	0	1
t000230	5	0	2	0
t000231	0	0	0	1
t000234	0	0	0	1
t000235	5	1	2	0
t000237	1	0	0	1
t000238	5	1	2	1
t000239	1	0	0	2
t000240	0	0	0	0
t000241	1	0	0	0
t000242	2	0	0	1
t000243	1	0	0	0
t000244	0	0	1	1
t000245	2	0	0	2
t000246	3	0	0	1
t000247	0	0	0	0
t000248	2	0	1	0
t000250	3	0	0	0
t000251	0	0	1	1
t000252	2	0	0	-1
t000254	0	0	0	1
t000255	1	0	1	0
t000256	0	0	0	1
t000257	0	0	0	1
t000259	2	0	2	0
t000260	1	-1	0	1
t000261	0	0	0	1
t000262	0	0	0	0
t000263	2	0	1	0
t000264	2	0	1	0
t000265	0	0	0	1
t000266	6	0	0	2
t000267	1	0	1	0
t000268	2	1	0	0
t000269	1	0	0	1
t000270	0	0	0	1
t000271	2	0	-1	0
t000272	0	0	1	0
t000273	1	0	0	2
t000274	2	0	-1	0
t000275	4	0	0	2
t000276	2	0	0	3
t000277	0	0	1	0
t000278	0	0	1	0
t000279	0	0	1	0
t000280	0	0	0	1
t000281	0	0	2	0
t000282	-1	0	0	2
t000285	1	1	0	1
t000286	3	0	0	1
t000287	1	0	1	0
t000288	0	0	0	1
t000289	2	0	1	0
t000290	0	0	0	2
t000292	2	0	1	2
t000294	0	0	5	0
t000295	0	0	0	0
t000296	2	0	0	0
t000297	0	0	0	0
t000298	0	0	1	0
t000302	1	0	1	0
t000303	0	0	1	0
t000304	-1	0	0	0
t000305	0	0	0	0
t000306	5	0	0	0
t000307	0	0	0	0
t000309	0	0	5	0
t000310	2	-1	1	3
t000311	2	0	0	1
t000312	2	0	0	0
t000313	-1	0	0	0
t000314	1	-1	0	-3
t000315	3	0	0	0
t000316	3	0	1	0
t000317	4	1	0	1
t000318	0	0	1	1
t000319	0	0	0	1
t000320	1	0	0	0
t000321	-1	0	0	1
t000322	0	1	0	1
t000323	1	0	0	2
t000324	1	0	0	0
t000325	2	0	0	0
t000326	0	0	0	3
t000327	1	0	0	0
t000328	1	0	0	0
t000329	2	0	0	1
t000330	4	0	0	1
t000331	3	0	0	0
t000332	1	0	0	1
t000333	4	0	0	0
t000334	3	0	0	0
t000335	0	0	3	0
t000336	0	0	1	0
t000337	0	0	0	0
t000338	5	1	0	0
t000339	9	0	1	0
t000340	8	0	0	0
t000341	0	0	0	0
t000342	6	1	1	0
t000343	1	0	1	0
t000344	1	0	0	0
t000345	-1	0	0	0
t000346	5	0	0	0
t000347	3	0	0	2
t000348	1	0	0	1
t000349	1	0	0	1
t000350	3	0	0	0
t000351	0	0	1	1
t000352	5	0	0	0
t000353	-1	0	0	0
t000354	2	0	1	1
t000355	0	0	-1	1
t000356	3	1	-3	2
t000357	4	1	-1	2
t000358	5	0	0	0
t000360	1	0	0	1
t000361	4	0	0	0
t000362	7	0	0	1
t000363	2	0	0	1
t000364	0	0	1	0
t000365	3	0	0	1
t000366	6	0	0	0
t000367	0	0	0	0
t000368	2	-1	1	0
t000369	6	0	0	1
t000370	4	0	0	0
t000371	-1	0	0	1
t000372	0	0	1	1
t000373	6	0	0	2
t000374	0	0	0	0
t000375	7	0	0	0
t000376	3	0	0	1
t000377	2	0	0	0
t000378	2	0	0	0
t000379	2	0	0	1
t000380	0	0	0	0
t000381	0	0	0	0
t000383	3	0	0	0
t000385	0	0	0	0
t000387	4	0	-1	1
t000389	3	0	1	0
t000390	3	0	0	0
t000391	3	0	0	0
t000393	0	0	0	0
t000395	1	0	0	0
t000396	0	0	0	1
t000397	0	0	0	2
t000398	2	0	1	0
t000399	2	0	1	1
t000400	1	0	0	3
t000401	1	0	0	1
t000402	0	0	0	0
t000403	0	0	0	0
t000404	3	0	0	0
t000405	0	0	0	0
t000406	0	0	0	0
t000407	0	0	0	0
t000408	3	0	0	0
t000409	2	0	0	0
t000410	2	0	0	0
t000411	0	0	0	0
t000412	4	0	0	0
t000413	2	0	0	0
t000414	8	0	0	2
t000415	5	0	0	0
t000416	2	0	0	1
t000417	1	0	0	0
t000418	3	0	0	0
t000419	2	0	0	0
t000420	0	0	2	0
t000421	3	0	0	0
t000422	4	0	0	-1
t000423	0	0	0	0
t000424	3	0	0	0
t000425	0	0	0	0
t000426	0	0	0	0
t000427	0	0	0	0
t000428	0	0	0	0
t000429	4	0	0	0
t000430	5	0	0	0
t000431	4	0	0	1
t000432	3	0	0	0
t000433	2	0	0	0
t000434	3	0	0	0
t000435	2	0	1	0
t000436	3	0	0	0
t000438	5	1	1	1
t000439	5	1	1	1
t000440	3	0	0	-1
t000441	5	0	0	0
t000442	5	0	0	0
t000443	6	0	0	0
t000444	3	0	0	1
t000445	5	-1	1	0
t000446	6	0	0	0
t000447	0	0	0	0
t000448	2	0	0	0
t000449	3	0	0	1
t000450	3	0	1	4
t000451	2	0	0	1
t000452	6	0	0	0
t000453	0	0	0	0
t000454	0	0	0	0
t000455	0	0	1	0
t000456	0	0	0	2
t000457	-1	0	0	0
t000458	0	0	0	1
t000459	0	0	0	1
t000460	1	0	0	1
t000461	0	0	0	1
t000462	0	0	0	1
t000463	0	0	0	1
t000464	0	0	0	1
t000465	0	0	0	0
t000466	0	0	0	0
t000467	0	0	0	0
t000468	0	0	0	1
t000469	1	0	0	1
t000470	1	0	0	0
t000471	1	0	0	0
t000472	0	0	0	1
t000473	1	0	0	0
t000474	-1	0	0	0
t000475	6	0	0	0
t000476	1	0	0	0
t000477	1	0	0	0
t000478	2	0	0	0
t000479	2	0	0	0
t000480	1	0	1	0
t000481	1	0	1	0
t000482	2	0	-1	0
t000483	0	0	0	0
t000484	0	0	0	0
t000485	0	0	0	0
t000486	2	0	0	0
t000487	2	0	1	0
t000488	2	0	0	0
t000489	3	0	0	0
t000490	0	0	0	0
t000491	5	0	0	0
t000492	3	0	-1	0
t000493	0	0	0	0
t000494	0	0	0	0
t000495	2	0	0	0
t000496	0	0	0	0
t000497	4	0	0	0
t000498	2	0	0	0
t000499	0	0	0	0
t000500	2	0	0	0
t000501	1	0	0	1
t000502	0	0	0	0
t000503	7	0	-2	1
t000504	3	0	0	0
t000506	0	0	0	0
t000508	0	0	0	0
t000509	2	0	1	0
t000510	0	0	0	0
t000511	2	0	0	0
t000512	0	0	1	0
t000515	1	0	0	0
t000516	5	0	1	1
t000520	1	0	0	0
t000521	0	0	0	0
t000522	0	0	0	0
t000523	0	0	0	0
t000524	0	0	1	0
t000525	0	0	0	0
t000526	1	0	0	0
t000527	4	1	0	0
t000529	4	0	1	1
t000530	0	0	0	0
t000531	4	0	0	1
t000532	3	0	0	0
t000533	0	0	0	0
t000534	5	0	0	0
t000535	0	0	0	0
t000536	2	0	0	-1
t000537	2	0	0	0
t000538	5	0	0	-3
t000539	0	0	0	1
t000540	0	0	0	1
t000541	0	0	0	1
t000542	0	0	0	1
t000543	0	0	0	0
t000544	5	0	-1	0
t000545	3	0	0	0
t000546	3	0	0	0
t000547	3	0	0	0
t000548	5	0	0	1
t000549	4	0	0	-1
t000552	0	0	0	0
t000554	4	0	0	0
t000556	2	0	0	0
t000558	0	0	0	0
t000559	1	1	0	0
t000560	6	0	0	0
t000561	3	0	1	0
t000562	1	0	1	0
t000563	1	0	0	0
t000564	0	0	0	0
t000565	-1	0	0	-1
t000566	0	0	0	0
t000567	4	0	0	0
t000569	4	0	0	1
t000570	5	1	0	0
t000571	4	0	0	0
t000573	4	0	0	0
t000574	4	0	0	0
t000575	-1	0	0	0
t000576	3	0	0	0
t000577	0	0	0	0
t000581	4	0	-1	1
t000582	1	0	0	0
t000583	1	0	0	0
t000585	1	0	0	1
t000587	0	0	0	0
t000588	2	0	0	0
t000589	0	0	0	0
t000590	3	1	0	1
t000591	1	0	0	0
t000592	8	0	0	0
t000593	1	-1	0	0
t000594	1	0	0	0
t000597	5	0	0	0
t000598	3	0	0	0
t000599	3	-1	0	0
t000600	4	0	0	1
t000601	7	0	0	0
t000602	0	0	0	0
t000603	1	0	0	1
t000604	0	0	0	1
t000605	0	0	0	0
t000606	4	0	0	0
t000607	0	0	0	0
t000608	3	0	0	0
t000609	3	0	0	0
t000610	1	0	0	0
t000611	2	0	0	0
t000612	3	0	0	0
t000613	2	0	1	1
t000615	1	0	-1	-2
t000616	6	0	-1	0
t000617	2	0	0	0
t000618	1	0	0	0
t000619	5	0	0	0
t000620	6	0	0	0
t000621	5	1	0	0
t000622	4	1	0	0
t000623	6	0	0	0
t000624	1	0	0	0
t000625	6	0	0	0
t000626	1	0	0	0
t000627	4	0	-1	-1
t000628	3	0	0	0
t000630	2	0	0	-1
t000631	1	0	1	0
t000632	9	0	0	0
t000633	1	0	1	1
t000634	1	0	1	0
t000635	2	0	1	0
t000637	1	0	1	0
t000638	4	0	0	-1
t000639	0	0	0	0
t000640	4	0	0	-2
t000641	0	0	1	0
t000642	5	0	0	-2
t000643	1	0	0	0
t000644	5	0	0	0
t000645	6	0	0	0
t000646	3	0	1	0
t000647	-1	0	0	0
t000649	2	-1	0	0
t000650	3	0	0	1
t000651	0	0	0	0
t000652	3	0	0	0
t000654	-1	0	0	0
t000655	0	0	0	1
t000656	3	0	0	0
t000657	4	0	0	0
t000658	4	0	0	0
t000659	2	0	0	0
t000660	3	0	0	0
t000661	0	0	0	0
t000663	0	0	0	0
t000664	5	0	0	0
t000665	6	0	0	2
t000666	3	0	0	1
t000667	8	0	0	0
t000668	3	0	0	0
t000669	1	0	0	0
t000670	3	0	0	0
t000671	4	0	0	0
t000672	2	0	0	0
t000673	3	0	0	0
t000674	3	0	0	0
t000675	2	0	0	0
t000676	1	0	0	0
t000679	0	0	0	0
t000680	5	0	0	0
t000682	5	0	0	0
t000683	4	0	0	0
t000684	4	0	0	0
t000685	5	0	0	0
t000686	4	0	0	0
t000687	2	1	0	1
t000688	3	0	0	1
t000689	0	0	0	0
t000690	0	0	0	0
t000691	0	0	0	0
t000692	1	0	-1	0
t000693	1	0	1	0
t000694	0	0	2	0
t000695	2	0	0	0
t000696	1	0	0	0
t000697	2	0	2	2
t000698	5	0	0	0
t000699	2	0	0	1
t000700	1	0	0	0
t000701	3	0	0	0
t000702	0	0	0	1
t000703	1	0	0	-1
t000704	1	0	0	1
t000705	1	0	1	0
t000706	1	0	1	0
t000707	0	0	0	1
t000708	3	0	0	0
t000709	0	0	0	0
t000710	3	0	0	0
t000711	0	0	0	1
t000713	3	0	0	0
t000714	4	0	0	0
t000715	3	0	0	0
t000716	-1	0	2	0
t000717	2	0	0	0
t000718	1	0	0	0
t000720	-1	0	0	0
t000721	4	0	0	0
t000722	0	0	0	0
t000724	4	0	0	0
t000725	-1	0	0	0
t000726	5	0	0	-1
t000727	2	0	0	0
t000729	-1	0	0	0
t000730	0	0	0	0
t000731	1	0	0	0
t000732	3	0	0	0
t000733	7	0	1	0
t000734	3	0	0	0
t000735	0	0	0	0
t000736	2	0	0	0
t000738	5	0	0	1
t000739	9	0	0	0
t000740	1	0	1	1
t000741	2	0	0	0
t000742	-1	0	0	0
t000743	1	0	0	0
t000744	1	0	0	-1
t000745	4	0	0	0
t000746	2	0	0	0
t000747	3	0	0	0
t000749	4	0	0	0
t000750	2	0	0	0
t000751	3	0	0	0
t000753	1	0	1	0
t000755	0	-1	0	0
t000756	0	0	0	0
t000757	3	0	0	-1
t000758	3	-1	0	0
t000759	5	0	0	0
t000760	0	0	1	0
t000761	2	0	0	0
t000762	6	1	0	0
t000763	2	0	0	0
t000764	4	0	0	0
t000765	2	0	0	0
t000766	0	0	0	0
t000767	4	0	0	1
t000768	3	0	0	0
t000769	3	0	0	-2
t000770	3	-1	0	0
t000771	1	0	1	0
t000772	4	0	0	0
t000773	3	0	0	0
t000774	6	0	0	-1
t000775	6	0	0	0
t000776	4	0	0	-2
t000777	0	0	1	0
t000778	1	0	0	0
t000779	0	0	0	0
t000780	4	0	0	0
t000781	4	0	0	0
t000782	3	0	0	0
t000783	5	0	0	0
t000784	6	0	-1	0
t000785	6	0	0	1
t000786	2	0	1	0
t000787	3	0	0	0
t000788	2	0	0	1
t000789	1	0	0	0
t000790	1	0	0	0
t000791	1	-1	-1	1
t000792	4	0	0	0
t000793	2	2	0	0
t000794	3	0	0	0
t000795	3	0	0	0
t000796	4	0	0	0
t000797	4	0	0	0
t000798	2	0	0	0
t000799	3	0	1	1
t000800	6	0	0	1
t000801	4	0	0	0
t000802	2	0	0	0
t000803	6	0	0	0
t000804	3	0	0	0
t000805	6	0	1	0
t000806	2	0	0	0
t000807	4	0	0	0
t000808	2	0	0	0
t000809	5	0	0	0
t000810	2	0	0	0
t000811	2	0	0	0
t000812	2	0	0	0
t000813	5	0	0	0
t000814	4	0	0	0
t000815	6	0	0	-1
t000816	3	0	1	0
t000818	5	0	-1	0
t000820	2	0	0	0
t000821	3	0	0	0
t000823	5	0	0	0
t000824	3	0	0	0
t000827	7	0	0	0
t000828	0	0	1	0
t000829	2	0	0	0
t000830	4	0	0	1
t000831	0	0	0	0
t000832	5	0	0	0
t000833	6	0	0	1
t000834	5	0	0	-1
t000835	4	1	0	0
t000836	3	0	0	0
t000837	2	0	0	0
t000838	6	0	0	-1
t000839	5	1	-1	2
t000840	5	1	-1	2
t000841	5	0	-1	1
t000842	6	0	0	0
t000843	4	1	0	2
t000844	4	0	0	0
t000845	4	1	1	1
t000846	3	0	0	0
t000847	4	0	1	0
t000848	4	0	0	0
t000849	8	1	0	-1
t000850	2	0	0	0
t000851	8	0	0	-3
t000852	4	1	0	1
t000853	3	0	0	0
t000854	3	0	0	0
t000855	3	0	0	0
t000856	3	0	0	1
t000857	2	0	1	0
t000858	5	0	0	0
t000859	4	0	0	0
t000860	3	2	0	0
t000861	2	0	0	0
t000862	4	0	0	0
t000863	2	0	0	-1
t000864	5	0	0	1
t000865	5	0	0	1
t000866	5	0	0	0
t000867	1	0	0	1
t000868	2	0	0	0
t000869	2	0	0	0
t000870	4	0	0	0
t000871	1	0	0	0
t000873	0	0	0	1
t000874	5	0	0	1
t000875	5	0	0	1
t000876	5	1	0	1
t000877	2	0	0	0
t000878	9	0	0	0
t000879	4	0	-3	0
t000880	4	0	-2	0
t000881	4	0	0	0
t000882	6	0	0	0
t000883	2	0	0	0
t000884	3	0	0	0
t000885	4	0	0	0
t000886	3	0	0	0
t000887	2	0	0	0
t000888	4	0	0	-1
t000889	2	0	0	0
t000890	3	0	0	0
t000891	3	0	0	0
t000892	4	0	0	1
t000893	3	0	0	0
t000894	3	0	0	0
t000896	2	0	0	0
t000897	3	-1	0	0
t000898	1	0	0	0
t000899	3	0	1	0
t000900	5	0	0	1
t000901	3	0	0	0
t000902	4	0	0	0
t000903	0	-1	0	0
t000904	2	0	0	0
t000905	9	0	0	0
t000906	5	0	-2	0
t000907	5	0	-2	0
t000909	4	0	0	0
t000910	5	0	0	0
t000913	4	1	0	0
t000914	4	0	0	0
t000915	0	0	0	0
t000916	6	1	0	1
t000919	3	0	0	0
t000920	2	0	0	0
t000921	5	0	0	-1
t000922	5	-1	0	-1
t000923	3	0	1	-2
t000924	5	0	1	0
t000925	6	0	-1	0
t000926	3	0	0	0
t000927	3	0	-1	0
t000928	1	0	0	0
t000929	0	0	0	-1
t000931	0	0	0	3
t000932	1	0	-1	-1
t000933	7	0	-2	1
t000934	2	0	0	1
t000935	1	0	0	0
t000936	5	0	0	0
t000937	5	0	0	0
t000940	2	0	1	-2
t000941	2	0	1	0
t000942	0	0	0	1
t000943	7	0	0	0
t000944	3	0	0	0
t000945	4	0	0	0
t000946	4	-1	-3	1
t000947	3	-1	-3	1
t000948	1	0	0	-1
t000949	4	0	0	0
t000950	2	0	0	0
t000951	1	0	0	0
t000952	5	0	1	0
t000953	4	0	0	0
t000954	1	0	0	0
t000955	4	0	0	0
t000956	1	0	0	0
t000957	0	0	0	0
t000958	2	0	0	0
t000959	3	1	0	-1
t000960	7	0	0	0
t000961	2	0	0	1
t000962	1	0	0	0
t000963	2	0	0	1
t000964	0	0	0	0
t000965	2	0	0	0
t000966	2	0	0	0
t000967	3	0	0	0
t000968	0	0	0	0
t000969	6	0	0	0
t000970	2	0	0	0
t000971	1	0	0	0
t000972	1	0	0	0
t000973	1	0	0	0
t000974	1	1	0	0
t000977	3	0	0	0
t000978	9	0	0	1
t000979	6	0	0	0
t000980	3	0	0	0
t000981	5	1	0	0
t000982	6	0	0	0
t000984	7	0	0	0
t000985	5	0	0	0
t000986	4	0	0	0
t000987	2	0	0	0
t000988	7	0	0	1
t000989	3	0	0	0
t000990	7	1	0	0
t000991	7	0	0	0
t000992	2	0	0	0
t000993	4	0	0	0
t000994	4	0	0	0
t000995	4	0	0	0
t000996	2	0	0	0
t000997	4	0	0	0
t000998	0	0	0	0
t000999	0	0	0	0
t001000	4	1	0	1
t001001	4	1	0	2
t001002	2	0	0	0
t001003	4	0	0	0
t001004	1	0	0	0
t001005	2	0	1	0
t001006	2	0	-1	0
t001007	2	0	0	0
t001008	-1	0	0	0
t001009	1	0	0	1
t001010	1	1	0	0
t001011	2	0	0	0
t001012	4	0	1	1
t001013	1	0	0	0
t001014	2	0	0	0
t001015	4	0	0	0
t001016	1	0	0	0
t001017	6	0	0	0
t001018	7	0	0	1
t001019	5	0	0	0
t001020	1	0	0	0
t001021	5	0	0	0
t001023	6	0	0	0
t001024	8	0	0	0
t001025	7	0	0	0
t001026	0	0	0	0
t001027	10	0	0	-1
t001028	4	0	0	0
t001029	0	0	0	0
t001030	1	0	0	-1
t001031	-1	0	0	0
t001032	6	0	0	0
t001033	3	0	0	0
t001034	2	0	0	0
t001035	0	0	0	0
t001036	0	0	0	0
t001037	1	0	0	1
t001038	6	0	0	2
t001039	0	0	0	1
t001041	-1	0	0	1
t001042	2	1	0	0
t001043	1	0	0	0
t001044	6	0	0	0
t001045	3	0	1	2
t001046	6	0	0	0
t001048	0	0	0	0
t001049	4	0	0	0
t001050	4	0	1	0
t001051	2	0	0	0
t001052	0	0	-1	0
t001053	4	0	0	0
t001054	2	0	0	0
t001055	5	0	0	0
t001056	1	0	0	1
t001057	1	0	0	1
t001058	5	0	0	0
t001059	4	0	0	0
t001061	1	0	1	1
t001062	0	0	0	0
t001063	2	0	0	0
t001064	8	0	0	1
t001065	1	0	1	0
t001066	3	0	0	0
t001067	4	0	0	-1
t001068	4	0	0	-1
t001069	4	0	1	1
t001070	4	0	0	0
t001071	6	0	-1	1
t001072	0	0	0	0
t001073	3	0	0	0
t001074	5	1	0	0
t001075	0	-1	-1	0
t001076	5	0	0	-2
t001077	3	1	0	1
t001078	1	0	1	1
t001080	4	0	0	1
t001081	3	0	0	0
t001082	3	1	0	0
t001083	4	0	0	-1
t001084	6	0	0	0
t001085	1	0	0	0
t001086	3	0	-1	0
t001087	0	0	0	1
t001088	1	0	12	1
t001089	2	0	0	0
t001091	2	0	0	0
t001092	1	0	1	1
t001093	0	0	0	0
t001094	4	0	0	-3
t001096	4	0	0	-1
t001097	3	0	0	-1
t001099	1	0	0	0
t001100	5	0	0	0
t001101	2	0	4	0
t001102	4	0	0	0
t001103	3	0	0	0
t001104	0	0	0	0
t001105	1	0	0	0
t001106	3	0	0	0
t001107	0	0	0	0
t001108	0	0	0	0
t001109	2	0	0	2
t001110	3	0	0	2
t001111	5	0	0	0
t001112	2	0	0	0
t001113	7	0	-2	0
t001114	2	0	3	1
t001115	2	14	0	0
t001116	2	14	0	0
t001117	8	0	0	-1
t001118	5	0	0	-1
t001119	4	1	0	0
t001120	2	13	0	0
t001121	2	13	0	0
t001122	4	0	0	-3
t001123	5	0	0	-1
t001124	4	0	0	0
t001125	2	0	0	0
t001126	5	0	0	0
t001127	7	0	0	0
t001129	3	0	0	0
t001130	6	0	0	1
t001131	6	0	0	0
t001132	4	0	0	0
t001133	6	0	0	0
t001134	5	0	0	0
t001135	7	0	-1	1
t001136	3	0	0	0
t001137	7	0	0	-1
t001138	5	0	0	0
t001139	0	0	0	0
t001140	0	0	0	0
t001141	5	0	0	0
t001142	1	0	0	0
t001143	0	0	0	-1
t001144	4	0	0	0
t001145	1	0	0	0
t001146	1	0	1	0
t001147	1	0	1	0
t001148	3	0	0	0
t001149	3	0	0	0
t001150	5	0	0	0
t001151	5	0	0	-2
t001152	4	0	0	0
t001153	1	0	0	0
t001154	3	0	0	0
t001155	2	0	0	0
t001156	4	0	0	0
t001157	0	0	0	0
t001158	1	0	0	-2
t001159	6	0	0	-1
t001160	9	0	0	0
t001161	5	0	0	1
t001162	5	0	-1	0
t001163	3	0	0	0
t001164	4	1	0	0
t001165	2	0	-1	0
t001166	3	0	0	0
t001167	2	0	0	0
t001168	5	0	-1	0
t001169	4	0	0	0
t001170	4	0	0	0
t001171	2	0	0	-1
t001172	1	0	0	0
t001173	7	0	0	1
t001174	3	0	0	1
t001175	2	0	0	1
t001176	5	0	0	0
t001177	3	0	0	0
t001178	11	0	0	1
t001179	1	0	0	0
t001180	5	0	0	0
t001181	4	0	0	0
t001182	2	0	1	1
t001183	1	0	0	1
t001184	7	0	0	1
t001185	-1	0	0	0
t001186	0	0	2	1
t001187	0	-1	0	0
t001188	3	0	0	1
t001189	2	0	0	1
t001190	2	0	0	1
t001191	2	0	0	1
t001192	2	0	0	1
t001193	3	0	0	1
t001194	5	0	0	1
t001195	0	1	0	1
t001196	1	0	0	0
t001197	2	0	0	0
t001198	0	0	0	0
t001199	1	0	0	1
t001200	0	0	0	-1
t001201	1	0	0	0
t001204	3	0	0	0
t001205	2	0	1	0
t001206	5	0	1	1
t001207	6	1	0	1
t001208	3	0	-1	2
t001212	3	1	0	0
t001213	1	0	0	0
t001214	0	0	0	0
t001215	3	0	0	0
t001216	0	0	0	1
t001217	0	0	0	0
t001218	0	0	0	1
t001219	7	0	1	1
t001220	1	0	0	0
t001221	-2	0	0	1
t001222	4	0	0	1
t001223	0	0	0	2
t001224	5	1	2	0
t001225	6	1	0	0
t001226	2	0	2	0
t001227	4	0	0	0
t001228	2	0	0	0
t001229	6	0	0	0
t001230	6	0	0	1
t001231	3	0	0	1
t001232	8	0	0	1
t001233	1	0	1	1
t001235	3	-1	1	2
t001236	4	2	1	0
t001237	1	0	0	1
t001238	1	0	0	0
t001240	5	0	1	0
t001242	0	-1	1	0
t001243	1	0	0	0
t001244	0	-1	1	0
t001245	0	0	0	0
t001246	4	0	0	0
t001247	1	0	1	1
t001249	6	0	0	1
t001252	1	0	0	1
t001253	0	0	0	0
t001254	2	0	1	0
t001255	1	0	0	2
t001256	4	1	0	0
t001257	1	0	0	0
t001258	4	0	0	0
t001259	0	0	2	1
t001260	0	0	0	1
t001261	0	0	0	1
t001262	1	0	0	1
t001263	5	0	-1	1
t001264	2	0	0	1
t001265	4	0	2	0
t001266	2	0	0	0
t001267	0	0	1	0
t001268	0	0	0	1
t001270	6	0	0	1
t001271	3	0	1	1
t001272	8	0	0	0
t001273	1	0	0	0
t001274	0	0	0	0
t001275	3	0	0	1
t001276	4	1	0	0
t001277	2	0	0	0
t001278	4	1	0	0
t001279	0	0	0	0
t001280	2	0	0	0
t001281	0	0	1	0
t001282	2	1	2	0
t001283	6	0	1	-1
t001284	6	0	0	1
t001285	4	0	0	1
t001286	0	0	1	0
t001288	0	0	5	0
t001289	0	0	0	0
t001291	4	0	0	1
t001292	4	0	0	1
t001293	8	1	0	1
t001295	5	0	0	-1
t001296	5	0	1	0
t001297	2	0	0	0
t001298	1	0	0	0
t001299	3	0	0	0
t001300	5	0	0	-1
t001301	5	-1	0	3
t001304	4	0	0	1
t001305	1	0	0	0
t001306	3	0	0	0
t001308	1	0	1	0
t001309	1	0	0	0
t001310	1	0	1	0
t001311	1	0	0	0
t001312	0	0	-1	0
t001313	0	0	0	0
t001315	5	1	0	0
t001316	1	0	2	1
t001317	3	0	0	0
t001318	5	0	0	0
t001319	1	0	0	0
t001320	0	0	0	0
t001321	0	0	0	0
t001322	2	0	0	0
t001323	1	0	1	0
t001324	2	0	0	1
t001325	4	1	1	0
t001326	0	0	0	2
t001327	2	0	0	0
t001328	0	0	1	0
t001329	1	0	0	0
t001330	0	0	1	0
t001331	2	0	1	0
t001332	4	0	0	0
t001333	8	0	0	0
t001334	2	0	0	0
t001335	1	0	0	0
t001336	0	-1	1	0
t001337	4	0	0	0
t001338	1	0	0	0
t001339	2	0	0	-1
t001340	0	0	0	0
t001341	-1	0	0	0
t001342	0	0	0	0
t001343	6	1	0	0
t001344	4	1	0	1
t001346	5	0	0	0
t001347	1	0	0	1
t001348	1	0	1	0
t001350	4	0	1	0
t001351	1	0	0	1
t001352	2	0	0	0
t001353	3	0	0	0
t001354	4	0	0	0
t001355	4	0	1	1
t001356	2	-1	0	1
t001357	4	0	0	0
t001358	1	0	0	1
t001359	2	0	0	2
t001360	4	0	0	0
t001361	1	0	0	3
t001362	5	0	0	0
t001364	4	1	0	0
t001365	0	0	0	0
t001366	4	0	0	2
t001368	3	0	3	0
t001369	0	0	0	0
t001370	0	0	0	0
t001371	-1	0	0	0
t001372	5	0	0	0
t001373	4	0	-1	0
t001378	3	1	0	1
t001379	5	0	0	1
t001380	6	0	0	0
t001382	1	0	1	0
t001383	-1	0	0	0
t001385	0	0	0	0
t001388	7	0	0	-4
t001389	0	0	0	0
t001391	0	0	0	0
t001392	1	0	0	0
t001394	6	0	0	-4
t001395	8	0	0	-4
t001397	1	0	0	0
t001398	7	0	0	1
t001400	1	0	0	0
t001401	1	0	0	0
t001402	1	0	1	0
t001403	3	0	0	0
t001404	3	0	0	0
t001405	4	0	1	4
t001407	3	0	0	0
t001408	1	0	2	1
t001409	4	0	0	0
t001412	4	1	0	0
t001413	3	1	0	1
t001414	6	0	0	0
t001415	2	0	0	0
t001416	1	0	0	0
t001417	0	0	0	0
t001418	1	0	0	4
t001419	3	0	0	1
t001420	2	0	1	0
t001422	3	0	-1	1
t001423	2	0	0	1
t001424	5	0	-1	-1
t001426	1	0	0	0
t001427	3	0	0	0
t001428	5	0	0	0
t001429	5	0	0	0
t001430	5	0	0	1
t001431	4	0	0	-1
t001432	6	0	0	0
t001433	5	0	0	0
t001434	4	0	0	1
t001435	0	0	0	0
t001436	5	0	0	1
t001437	0	0	1	0
t001438	2	0	1	0
t001439	3	0	0	0
t001440	2	0	0	0
t001441	5	0	0	1
t001442	2	0	0	-1
t001443	4	0	0	1
t001444	-2	1	1	2
t001445	4	0	0	0
t001451	9	0	0	0
t001452	1	0	0	0
t001453	4	1	0	2
t001454	6	0	0	0
t001455	2	0	0	0
t001456	4	1	2	0
t001457	8	-1	0	0
t001458	7	0	0	1
t001459	3	0	0	0
t001460	5	0	0	1
t001461	4	0	0	1
t001462	5	0	0	0
t001463	5	0	1	0
t001464	3	0	1	2
t001465	2	0	0	0
t001466	7	0	0	1
t001467	3	0	0	0
t001468	7	0	-1	0
t001469	4	0	0	0
t001470	2	0	0	0
t001471	3	0	0	0
t001472	7	0	0	0
t001473	3	0	0	0
t001474	2	0	0	0
t001475	2	0	0	1
t001476	5	0	0	0
t001477	1	0	9	0
t001478	6	-1	0	3
t001479	6	0	0	1
t001480	9	0	0	-1
t001481	8	0	0	0
t001482	1	0	0	0
t001483	1	0	0	0
t001484	0	0	0	0
t001485	0	0	0	0
t001486	1	0	0	0
t001487	1	2	0	2
t001488	6	0	0	0
t001489	3	0	0	1
t001491	7	0	0	-1
t001492	0	0	0	0
t001493	6	0	0	0
t001494	2	0	0	2
t001495	5	0	0	1
t001496	0	0	0	0
t001497	2	0	0	0
t001498	5	0	1	0
t001499	4	0	0	1
t001500	6	0	-1	0
t001501	4	0	0	0
t001502	7	0	0	0
t001503	3	0	0	0
t001504	3	0	0	1
t001505	6	0	0	0
t001506	6	0	0	0
t001507	4	0	0	1
t001508	1	0	0	0
t001509	2	0	1	1
t001510	2	0	0	3
t001511	2	0	0	0
t001512	7	1	1	0
t001513	1	0	0	0
t001514	1	0	0	0
t001515	2	0	0	0
t001516	2	0	0	0
t001517	7	0	0	0
t001518	5	0	0	0
t001519	6	0	0	0
t001520	6	0	0	-1
t001522	6	0	0	0
t001524	3	0	0	1
t001526	4	0	0	0
t001527	4	0	0	1
t001528	4	0	0	1
t001529	4	1	0	0
t001530	4	0	0	0
t001531	3	0	0	1
t001532	0	0	0	0
t001533	5	0	0	0
t001534	9	0	0	1
t001535	4	0	0	0
t001536	5	0	0	0
t001537	5	-1	-1	0
t001538	2	0	0	0
t001539	3	0	0	0
t001540	8	0	0	0
t001541	3	0	0	0
t001542	7	0	0	1
t001543	6	0	0	0
t001544	3	0	0	0
t001545	1	0	0	0
t001546	6	0	0	-1
t001547	2	0	0	0
t001548	4	0	0	0
t001549	2	0	0	0
t001550	4	0	0	0
t001551	2	0	0	-1
t001552	9	0	0	0
t001553	3	0	0	0
t001554	1	0	0	0
t001555	5	0	0	0
t001556	0	0	0	2
t001559	2	0	0	0
t001560	4	0	0	0
t001561	0	0	0	1
t001562	3	0	0	0
t001563	0	0	0	0
t001564	0	0	0	1
t001565	4	0	0	0
t001566	9	0	0	0
t001567	6	0	0	0
t001569	4	0	0	0
t001570	0	0	0	0
t001571	0	0	-1	0
t001572	4	0	-1	1
t001573	0	0	0	0
t001574	5	0	0	-1
t001575	6	1	0	0
t001576	4	0	1	2
t001577	3	0	0	0
t001578	1	0	0	0
t001579	1	0	1	1
t001580	0	0	0	0
t001581	6	0	0	0
t001582	6	0	0	0
t001583	1	0	1	0
t001584	4	0	0	0
t001586	9	0	0	0
t001587	1	0	1	1
t001588	3	0	0	0
t001589	3	0	0	0
t001590	0	0	1	0
t001591	0	0	0	1
t001592	1	0	0	1
t001593	4	0	0	0
t001594	2	1	0	1
t001595	5	0	0	1
t001596	1	0	0	0
t001597	5	0	0	0
t001598	0	0	0	0
t001600	1	0	0	0
t001601	1	0	0	0
t001602	-1	0	0	0
t001603	2	0	0	0
t001604	2	0	0	0
t001605	5	0	0	1
t001606	6	0	0	0
t001607	2	0	1	0
t001608	3	0	0	0
t001609	7	0	-1	0
t001610	2	0	0	0
t001611	3	0	0	0
t001612	4	0	0	0
t001613	3	0	-1	0
t001614	1	0	0	0
t001615	1	-1	0	-2
t001616	2	0	0	2
t001617	4	0	0	0
t001618	1	0	0	0
t001619	1	0	0	0
t001620	2	0	0	0
t001621	2	0	4	0
t001622	0	0	3	0
t001623	6	0	0	0
t001624	1	0	0	0
t001626	3	0	0	1
t001627	0	0	0	0
t001628	1	0	0	0
t001629	0	0	0	1
t001630	3	0	0	0
t001632	3	-1	0	0
t001633	4	0	0	-3
t001634	3	0	-1	0
t001635	1	0	0	0
t001636	2	0	0	0
t001637	1	0	0	0
t001638	3	0	0	0
t001639	2	0	0	0
t001640	8	0	0	0
t001641	3	0	0	0
t001642	2	0	1	0
t001643	5	0	0	-2
t001644	3	0	0	-1
t001645	5	-1	0	0
t001646	3	0	0	0
t001647	3	0	0	-1
t001648	2	0	0	0
t001650	4	0	0	0
t001651	4	0	0	0
t001652	7	0	0	0
t001653	2	0	0	0
t001654	4	0	0	1
t001655	7	0	0	0
t001656	2	0	0	0
t001657	2	0	0	3
t001658	1	0	0	0
t001659	4	0	0	0
t001660	0	0	0	2
t001661	4	0	0	0
t001662	1	0	0	1
t001663	5	0	0	0
t001664	6	0	0	-1
t001665	4	0	0	0
t001666	0	0	0	0
t001667	3	0	0	0
t001668	6	0	0	0
t001669	0	0	-1	1
t001670	3	0	0	0
t001671	4	0	0	0
t001672	2	0	0	0
t001673	4	0	1	0
t001674	3	0	0	-1
t001675	1	0	0	0
t001676	3	0	1	0
t001677	6	0	0	0
t001678	8	0	0	0
t001679	0	0	0	0
t001680	2	0	0	-2
t001681	4	0	0	0
t001682	3	0	0	0
t001684	8	0	0	0
t001685	2	0	0	0
t001686	6	0	0	0
t001687	2	0	0	0
t001688	5	0	0	1
t001689	0	0	0	0
t001690	4	0	0	0
t001691	4	0	0	0
t001692	1	0	0	0
t001693	6	0	0	0
t001694	4	0	0	0
t001695	6	0	0	-1
t001696	5	0	0	1
t001697	0	0	0	1
t001698	1	0	0	0
t001699	1	0	0	0
t001700	3	0	0	0
t001701	4	0	0	0
t001702	0	0	0	1
t001703	7	0	0	1
t001704	4	0	0	0
t001705	5	0	0	0
t001706	6	0	0	0
t001707	0	0	2	0
t001708	3	0	0	1
t001709	3	0	0	0
t001710	2	0	0	0
t001711	0	0	2	0
t001712	12	0	0	0
t001713	4	0	0	0
t001714	5	0	0	0
t001715	4	0	0	1
t001716	0	0	0	1
t001717	4	1	0	1
t001718	2	0	0	0
t001719	3	0	0	0
t001720	3	0	0	1
t001721	4	0	0	0
t001723	5	0	0	0
t001724	4	1	0	0
t001725	4	0	1	0
t001726	3	0	0	0
t001727	1	1	2	1
t001728	3	0	0	0
t001729	2	0	0	2
t001730	6	1	0	0
t001731	4	0	0	1
t001732	6	1	-1	0
t001733	3	0	0	0
t001735	3	0	0	0
t001736	3	0	0	0
t001737	4	0	0	0
t001738	3	0	0	0
t001739	5	0	0	1
t001740	1	0	0	1
t001741	6	0	0	1
t001742	0	0	0	1
t001744	7	0	0	0
t001745	1	0	0	0
t001747	8	0	0	0
t001748	5	0	0	-1
t001750	3	0	0	0
t001751	5	0	0	0
t001752	1	0	0	0
t001753	3	0	0	0
t001754	3	0	0	0
t001755	7	0	0	1
t001756	0	0	0	1
t001760	6	0	-1	0
t001761	5	0	0	0
t001762	1	0	0	0
t001763	3	0	0	2
t001764	2	0	0	0
t001765	3	0	0	0
t001767	6	0	0	1
t001768	2	0	0	0
t001769	3	0	0	0
t001770	2	0	0	0
t001771	5	2	0	0
t001772	2	0	0	-3
t001773	1	0	0	0
t001774	5	1	0	0
t001775	3	0	0	0
t001776	3	0	0	0
t001777	0	0	0	0
t001778	2	1	0	1
t001779	3	0	0	0
t001781	2	0	0	0
t001782	3	1	0	0
t001783	7	0	0	0
t001786	4	0	1	0
t001787	0	0	0	0
t001789	0	0	1	0
t001793	0	0	1	0
t001794	3	0	0	0
t001796	0	0	0	1
t001797	2	0	0	1
t001798	4	0	0	0
t001799	0	0	0	0
t001802	3	0	1	0
t001803	3	0	1	0
t001804	3	0	0	-1
t001805	1	0	0	0
t001806	8	0	0	0
t001808	0	0	1	3
t001810	-2	0	0	0
t001815	4	0	0	0
t001816	4	0	0	1
t001818	0	0	0	1
t001820	3	0	0	0
t001821	3	0	0	2
t001822	3	1	1	0
t001823	3	0	0	1
t001824	1	0	0	0
t001825	1	0	0	-1
t001826	8	0	0	-1
t001827	5	0	0	0
t001828	7	0	0	0
t001829	2	0	0	0
t001830	3	0	0	0
t001831	4	0	0	0
t001833	4	0	0	-2
t001834	0	0	0	0
t001835	0	0	0	1
t001836	4	1	0	0
t001837	3	0	0	0
t001839	3	0	0	0
t001840	2	0	0	2
t001841	3	0	0	0
t001842	7	0	0	0
t001843	8	0	0	1
t001844	2	0	0	0
t001845	0	0	0	-2
t001846	3	0	0	0
t001847	0	0	0	0
t001848	3	0	0	1
t001849	4	0	0	0
t001850	8	1	0	4
t001851	3	0	0	0
t001852	3	0	0	0
t001854	5	0	0	1
t001856	3	0	0	-1
t001858	0	-1	0	0
t001859	5	0	0	0
t001860	0	1	0	0
t001861	4	0	0	1
t001862	4	0	0	0
t001863	0	0	0	0
t001864	0	1	0	0
t001865	4	0	0	0
t001866	5	0	0	0
t001867	0	0	0	0
t001868	3	0	0	0
t001869	3	0	0	0
t001870	3	0	0	0
t001871	0	0	1	0
t001872	1	0	0	0
t001873	-1	0	0	0
t001874	0	0	0	0
t001875	0	0	0	0
t001876	4	0	1	1
t001877	0	0	0	0
t001878	6	0	0	0
t001879	2	0	0	0
t001880	0	0	0	0
t001881	0	0	1	0
t001882	0	0	0	0
t001883	0	-1	0	0
t001884	2	1	0	1
t001885	4	0	0	0
t001886	3	0	0	0
t001887	0	0	1	0
t001888	2	0	0	0
t001889	6	1	0	0
t001890	6	0	0	0
t001892	0	0	0	0
t001894	4	0	0	0
t001895	5	0	0	0
t001896	0	0	0	1
t001897	5	0	0	0
t001899	6	0	0	0
t001900	4	0	0	0
t001901	1	0	0	2
t001902	3	0	0	0
t001903	6	0	0	-3
t001904	1	0	0	0
t001905	2	0	0	0
t001906	4	0	0	0
t001907	3	-2	-1	1
t001908	3	0	0	-1
t001909	7	0	0	-2
t001910	0	0	0	0
t001911	3	0	0	0
t001912	1	0	0	0
t001913	4	0	0	0
t001914	5	0	0	0
t001915	2	0	0	4
t001916	4	0	0	0
t001917	2	0	0	1
t001918	2	0	0	0
t001920	5	0	-1	0
t001922	4	0	0	0
t001923	1	0	0	1
t001924	0	0	0	0
t001925	6	1	0	0
t001926	2	0	0	0
t001927	1	0	1	0
t001928	3	0	0	0
t001930	2	0	0	-1
t001931	0	1	1	2
t001932	0	0	0	1
t001933	0	0	0	0
t001934	0	0	0	0
t001935	3	0	0	0
t001936	2	0	0	-3
t001938	3	0	0	0
t001939	0	0	0	0
t001940	1	0	0	0
t001941	0	0	0	0
t001942	3	0	0	0
t001943	4	1	0	0
t001944	2	0	0	0
t001945	6	0	0	1
t001946	3	0	0	0
t001947	7	0	0	0
t001948	3	0	0	0
t001949	1	0	0	0
t001950	4	1	0	0
t001951	4	0	0	0
t001952	0	0	0	0
t001953	5	-1	0	-1
t001954	6	0	0	-2
t001955	1	0	0	0
t001956	1	0	0	0
t001957	2	0	0	0
t001958	4	0	0	0
t001959	5	1	0	0
t001960	2	0	0	0
t001961	5	0	0	0
t001962	3	0	0	0
t001963	3	0	0	0
t001964	2	0	0	0
t001965	2	0	0	0
t001966	2	0	0	0
t001967	1	0	0	0
t001970	2	0	0	0
t001971	0	0	0	0
t001972	7	0	0	0
t001973	2	0	0	0
t001974	2	0	0	0
t001975	2	0	0	0
t001976	2	0	0	0
t001977	2	0	0	0
t001978	2	1	0	4
t001980	0	0	0	-1
t001981	3	0	0	0
t001982	5	-1	0	-1
t001983	5	0	0	0
t001984	4	0	-1	0
t001985	3	0	0	0
t001986	3	0	0	0
t001987	3	0	0	0
t001988	0	0	0	0
t001990	0	0	0	0
t001993	3	0	0	1
t001994	12	1	0	0
t001995	2	0	0	0
t001996	0	1	0	0
t001997	5	0	0	0
t001998	3	2	0	0
t001999	4	0	0	0
t002000	2	0	0	0
t002001	2	0	1	0
t002002	2	1	0	0
t002004	1	1	0	1
t002005	1	0	0	0
t002006	0	0	0	1
t002007	0	0	0	0
t002008	2	0	0	0
t002009	2	0	0	0
t002010	2	0	0	0
t002011	2	0	0	0
t002012	2	0	0	0
t002013	1	0	0	-1
t002015	4	0	0	0
t002016	3	0	0	0
t002017	1	0	0	1
t002018	1	0	0	0
t002019	3	0	0	0
t002020	7	0	0	-1
t002022	2	0	0	0
t002023	2	0	0	0
t002025	3	0	0	0
t002026	1	0	0	0
t002028	6	0	0	1
t002029	1	0	0	0
t002031	3	0	0	0
t002032	3	0	0	-1
t002034	1	0	0	1
t002036	2	0	0	1
t002040	1	0	0	0
t002041	3	0	0	0
t002043	4	0	0	0
t002044	1	0	0	0
t002045	2	0	0	0
t002046	2	0	0	0
t002047	-1	0	0	0
t002048	2	0	0	-1
t002049	8	1	0	0
t002051	7	0	0	0
t002054	8	0	0	-2
t002055	8	0	0	-2
t002056	8	0	0	-2
t002057	3	0	0	-1
t002058	2	0	0	-2
t002059	3	0	-1	2
t002060	0	0	0	0
t002062	1	0	0	1
t002063	0	0	0	0
t002064	0	0	0	0
t002065	1	0	0	0
t002066	1	0	0	0
t002067	1	0	-1	0
t002068	1	0	0	0
t002069	2	0	0	0
t002070	0	0	0	0
t002071	4	1	0	1
t002072	2	0	0	0
t002073	3	0	0	0
t002074	3	0	0	0
t002075	0	0	-1	-1
t002077	1	0	-1	-1
t002078	1	0	-1	-2
t002080	1	0	0	0
